{
  "round": 16,
  "num_clients": 2,
  "client_features": {
    "1": {
      "total_norm": 839.7507377593193,
      "total_params": 3137.0,
      "avg_norm_per_param": 0.2676922976599594,
      "max_layer_norm": 443.50750992781434,
      "min_layer_norm": 1.541920470620089,
      "std_layer_norm": 150.0452270176981,
      "param_mean": -2.891776585573473,
      "param_std": 8.494947352196991,
      "param_max": 95.97540491800385,
      "param_skewness": -4.137836883671483,
      "param_kurtosis": 31.35547852599499,
      "accuracy": 0.8132075471698114,
      "loss": 6.797530896727394,
      "poisoning_active": 0.0
    },
    "5": {
      "total_norm": 887.0304123163223,
      "total_params": 3137.0,
      "avg_norm_per_param": 0.28276391849419635,
      "max_layer_norm": 371.631103515625,
      "min_layer_norm": 1.5479384660720825,
      "std_layer_norm": 127.29438018798828,
      "param_mean": -2.165951728820801,
      "param_std": 8.25253963470459,
      "param_max": 183.29544067382812,
      "param_skewness": -6.306057250049582,
      "param_kurtosis": 112.73043923134762,
      "accuracy": 0.795620437956204,
      "loss": 9.870167979358756,
      "poisoning_active": 0.0
    }
  },
  "method_results": {
    "statistical": {
      "1": 0.0,
      "5": 0.0
    },
    "performance": {
      "1": 0.0,
      "5": 0.0
    },
    "parameter": {
      "1": 0.8,
      "5": 1.0
    },
    "update_pattern": {
      "1": 0.0,
      "5": 0.0
    }
  },
  "final_scores": {
    "1": 0.20000000000000007,
    "5": 0.25000000000000006
  },
  "consensus_info": {
    "1": {
      "num_methods_detected": 1,
      "methods_detected": [
        "parameter"
      ],
      "individual_scores": {
        "statistical": 0.0,
        "performance": 0.0,
        "parameter": 0.8,
        "update_pattern": 0.0
      },
      "consensus_ratio": 0.25
    },
    "5": {
      "num_methods_detected": 1,
      "methods_detected": [
        "parameter"
      ],
      "individual_scores": {
        "statistical": 0.0,
        "performance": 0.0,
        "parameter": 1.0,
        "update_pattern": 0.0
      },
      "consensus_ratio": 0.25
    }
  },
  "anomalous_clients": [],
  "timestamp": "2025-05-24T22:45:56.686582"
}