{
  "round": 13,
  "num_clients": 2,
  "client_features": {
    "5": {
      "total_norm": 585.21644115448,
      "total_params": 3137.0,
      "avg_norm_per_param": 0.18655289804095038,
      "max_layer_norm": 204.92845153808594,
      "min_layer_norm": 1.0261220932006836,
      "std_layer_norm": 83.31365966796875,
      "param_mean": -1.8137152194976807,
      "param_std": 5.308684825897217,
      "param_max": 71.29756164550781,
      "param_skewness": -3.893643789598199,
      "param_kurtosis": 29.438723001634294,
      "accuracy": 0.95,
      "loss": 22.05610532290166,
      "poisoning_active": 0.0
    },
    "1": {
      "total_norm": 384.22554553383804,
      "total_params": 3137.0,
      "avg_norm_per_param": 0.12248184428875543,
      "max_layer_norm": 201.4357756033129,
      "min_layer_norm": 0.6464547795685626,
      "std_layer_norm": 70.58130296767916,
      "param_mean": -1.5776600210634806,
      "param_std": 3.857816144131957,
      "param_max": 36.91277535610953,
      "param_skewness": -3.7930259716958807,
      "param_kurtosis": 21.93547589491057,
      "accuracy": 0.6553459119496855,
      "loss": 22.392608786616417,
      "poisoning_active": 0.0
    }
  },
  "method_results": {
    "statistical": {
      "5": 0.0,
      "1": 0.0
    },
    "performance": {
      "5": 0.8,
      "1": 0.0
    },
    "parameter": {
      "5": 0.8,
      "1": 0.8
    },
    "update_pattern": {
      "5": 0.0,
      "1": 0.0
    }
  },
  "final_scores": {
    "5": 0.5000000000000001,
    "1": 0.20000000000000007
  },
  "consensus_info": {
    "5": {
      "num_methods_detected": 2,
      "methods_detected": [
        "performance",
        "parameter"
      ],
      "individual_scores": {
        "statistical": 0.0,
        "performance": 0.8,
        "parameter": 0.8,
        "update_pattern": 0.0
      },
      "consensus_ratio": 0.5
    },
    "1": {
      "num_methods_detected": 1,
      "methods_detected": [
        "parameter"
      ],
      "individual_scores": {
        "statistical": 0.0,
        "performance": 0.0,
        "parameter": 0.8,
        "update_pattern": 0.0
      },
      "consensus_ratio": 0.25
    }
  },
  "anomalous_clients": [
    "5"
  ],
  "timestamp": "2025-05-24T22:45:53.674172"
}