{
  "round": 9,
  "num_clients": 2,
  "client_features": {
    "5": {
      "total_norm": 301.39698600769043,
      "total_params": 3137.0,
      "avg_norm_per_param": 0.09607809563521862,
      "max_layer_norm": 147.74159240722656,
      "min_layer_norm": 0.0,
      "std_layer_norm": 51.56920623779297,
      "param_mean": -1.434479832649231,
      "param_std": 2.8026816844940186,
      "param_max": 18.20819091796875,
      "param_skewness": -2.07963408703077,
      "param_kurtosis": 8.11163227270469,
      "accuracy": 0.95,
      "loss": 11.226819263015274,
      "poisoning_active": 0.0
    },
    "1": {
      "total_norm": 139.90533116195581,
      "total_params": 3137.0,
      "avg_norm_per_param": 0.04459844793176645,
      "max_layer_norm": 69.49358025610633,
      "min_layer_norm": 0.9623209228191689,
      "std_layer_norm": 23.852999470496673,
      "param_mean": -0.696861999346878,
      "param_std": 1.2816182048762976,
      "param_max": 7.391027870939242,
      "param_skewness": -1.4993970772199035,
      "param_kurtosis": 5.43795059099741,
      "accuracy": 0.6698113207547169,
      "loss": 12.403047440077618,
      "poisoning_active": 0.0
    }
  },
  "method_results": {
    "statistical": {
      "5": 0.0,
      "1": 0.0
    },
    "performance": {
      "5": 0.8,
      "1": 0.0
    },
    "parameter": {
      "5": 0.6000000000000001,
      "1": 0.6000000000000001
    },
    "update_pattern": {
      "5": 0.0,
      "1": 0.0
    }
  },
  "final_scores": {
    "5": 0.45,
    "1": 0.15000000000000005
  },
  "consensus_info": {
    "5": {
      "num_methods_detected": 2,
      "methods_detected": [
        "performance",
        "parameter"
      ],
      "individual_scores": {
        "statistical": 0.0,
        "performance": 0.8,
        "parameter": 0.6000000000000001,
        "update_pattern": 0.0
      },
      "consensus_ratio": 0.5
    },
    "1": {
      "num_methods_detected": 1,
      "methods_detected": [
        "parameter"
      ],
      "individual_scores": {
        "statistical": 0.0,
        "performance": 0.0,
        "parameter": 0.6000000000000001,
        "update_pattern": 0.0
      },
      "consensus_ratio": 0.25
    }
  },
  "anomalous_clients": [],
  "timestamp": "2025-05-24T22:45:49.391901"
}