{
  "report_metadata": {
    "round": 14,
    "timestamp": "2025-05-24T22:45:54.716613",
    "report_type": "security_analysis",
    "version": "1.0"
  },
  "executive_summary": {
    "threat_level": "medium",
    "security_score": 0.45,
    "total_clients": 2,
    "trusted_clients": 1,
    "suspicious_clients": 1,
    "aggregation_action": "use_all"
  },
  "detailed_analysis": {
    "poisoning_detection": {
      "round": 14,
      "threat_level": "low",
      "suspicious_clients": [],
      "trusted_clients": [],
      "client_reputations": {
        "1": 0.3830143396396883,
        "5": 0.3830143396396883
      },
      "high_confidence_detections": {},
      "total_clients": 2
    },
    "anomaly_detection": {
      "round": 14,
      "num_clients": 2,
      "client_features": {
        "1": {
          "total_norm": 477.90368784267673,
          "total_params": 3137.0,
          "avg_norm_per_param": 0.15234417846434858,
          "max_layer_norm": 203.1518693276619,
          "min_layer_norm": 0.9062785442268301,
          "std_layer_norm": 74.09263893829757,
          "param_mean": -1.6958301060758503,
          "param_std": 4.445043159252745,
          "param_max": 50.82471075714334,
          "param_skewness": -3.6389947348907916,
          "param_kurtosis": 22.531809756149418,
          "accuracy": 0.5380503144654089,
          "loss": 39.802827447165484,
          "poisoning_active": 0.0
        },
        "5": {
          "total_norm": 786.0521483421326,
          "total_params": 3137.0,
          "avg_norm_per_param": 0.25057448146066547,
          "max_layer_norm": 390.7456970214844,
          "min_layer_norm": 0.9204115867614746,
          "std_layer_norm": 131.61309814453125,
          "param_mean": -2.2422842979431152,
          "param_std": 7.805807590484619,
          "param_max": 119.47439575195312,
          "param_skewness": -4.822489284041024,
          "param_kurtosis": 46.87822844562919,
          "accuracy": 0.9045402298850576,
          "loss": 41.257808074366544,
          "poisoning_active": 0.0
        }
      },
      "method_results": {
        "statistical": {
          "1": 0.0,
          "5": 0.0
        },
        "performance": {
          "1": 0.0,
          "5": 0.8
        },
        "parameter": {
          "1": 0.8,
          "5": 1.0
        },
        "update_pattern": {
          "1": 0.0,
          "5": 0.0
        }
      },
      "final_scores": {
        "1": 0.20000000000000007,
        "5": 0.55
      },
      "consensus_info": {
        "1": {
          "num_methods_detected": 1,
          "methods_detected": [
            "parameter"
          ],
          "individual_scores": {
            "statistical": 0.0,
            "performance": 0.0,
            "parameter": 0.8,
            "update_pattern": 0.0
          },
          "consensus_ratio": 0.25
        },
        "5": {
          "num_methods_detected": 2,
          "methods_detected": [
            "performance",
            "parameter"
          ],
          "individual_scores": {
            "statistical": 0.0,
            "performance": 0.8,
            "parameter": 1.0,
            "update_pattern": 0.0
          },
          "consensus_ratio": 0.5
        }
      },
      "anomalous_clients": [
        "5"
      ],
      "timestamp": "2025-05-24T22:45:54.697558"
    },
    "threat_assessment": {
      "combined_threat_level": "medium",
      "threat_factors": {
        "poisoning_threat": "low",
        "anomaly_threat": "high",
        "consensus_threat": "low"
      },
      "suspicious_ratio": 0.5,
      "high_confidence_ratio": 0.0
    }
  },
  "client_analysis": {
    "trusted_clients": [
      "1"
    ],
    "poison_suspicious": [],
    "anomaly_suspicious": [
      "5"
    ],
    "high_confidence_suspicious": [],
    "anomaly_scores": {
      "1": 0.20000000000000007,
      "5": 0.55
    }
  },
  "aggregation_details": {
    "action": "use_all",
    "rationale": "Medium threat within acceptable parameters",
    "trusted_clients": [
      "1"
    ]
  },
  "performance_metrics": {
    "accuracy": 0.7212952721752333,
    "loss": 40.53031776076601,
    "aggregated_clients": 2
  }
}