{
  "report_metadata": {
    "round": 3,
    "timestamp": "2025-05-24T22:45:43.210313",
    "report_type": "security_analysis",
    "version": "1.0"
  },
  "executive_summary": {
    "threat_level": "low",
    "security_score": 0.9,
    "total_clients": 2,
    "trusted_clients": 2,
    "suspicious_clients": 0,
    "aggregation_action": "use_all"
  },
  "detailed_analysis": {
    "poisoning_detection": {
      "round": 3,
      "threat_level": "low",
      "suspicious_clients": [],
      "trusted_clients": [
        "1",
        "5"
      ],
      "client_reputations": {
        "1": 0.7832000000000001,
        "5": 0.7832000000000001
      },
      "high_confidence_detections": {},
      "total_clients": 2
    },
    "anomaly_detection": {
      "round": 3,
      "num_clients": 2,
      "client_features": {
        "5": {
          "total_norm": 62.7512189745903,
          "total_params": 3137.0,
          "avg_norm_per_param": 0.02000357633872754,
          "max_layer_norm": 33.86085510253906,
          "min_layer_norm": 0.3784458041191101,
          "std_layer_norm": 11.269007682800293,
          "param_mean": -0.41923987865448,
          "param_std": 0.5256759524345398,
          "param_max": 2.9504079818725586,
          "param_skewness": -0.5924616608385215,
          "param_kurtosis": 2.1857138565776166,
          "accuracy": 0.95,
          "loss": 2.3979624656203726,
          "poisoning_active": 0.0
        },
        "1": {
          "total_norm": 34.922635608126996,
          "total_params": 3137.0,
          "avg_norm_per_param": 0.011132494615277617,
          "max_layer_norm": 15.258232098305722,
          "min_layer_norm": 0.3312053854010493,
          "std_layer_norm": 6.498975250745855,
          "param_mean": -0.329811022866845,
          "param_std": 0.19184606043030333,
          "param_max": 1.4239840312375338,
          "param_skewness": -0.34823163853665384,
          "param_kurtosis": 5.469601406151984,
          "accuracy": 0.8106918238993711,
          "loss": 0.6108346817704947,
          "poisoning_active": 0.0
        }
      },
      "method_results": {
        "statistical": {
          "5": 0.0,
          "1": 0.0
        },
        "performance": {
          "5": 0.17474530820254658,
          "1": 0.0
        },
        "parameter": {
          "5": 0.6000000000000001,
          "1": 0.4
        },
        "update_pattern": {
          "5": 0.0,
          "1": 0.0
        }
      },
      "final_scores": {
        "5": 0.21552949057595502,
        "1": 0.10000000000000003
      },
      "consensus_info": {
        "5": {
          "num_methods_detected": 1,
          "methods_detected": [
            "parameter"
          ],
          "individual_scores": {
            "statistical": 0.0,
            "performance": 0.17474530820254658,
            "parameter": 0.6000000000000001,
            "update_pattern": 0.0
          },
          "consensus_ratio": 0.25
        },
        "1": {
          "num_methods_detected": 0,
          "methods_detected": [],
          "individual_scores": {
            "statistical": 0.0,
            "performance": 0.0,
            "parameter": 0.4,
            "update_pattern": 0.0
          },
          "consensus_ratio": 0.0
        }
      },
      "anomalous_clients": [],
      "timestamp": "2025-05-24T22:45:43.196788"
    },
    "threat_assessment": {
      "combined_threat_level": "low",
      "threat_factors": {
        "poisoning_threat": "low",
        "anomaly_threat": "low",
        "consensus_threat": "low"
      },
      "suspicious_ratio": 0.0,
      "high_confidence_ratio": 0.0
    }
  },
  "client_analysis": {
    "trusted_clients": [
      "5",
      "1"
    ],
    "poison_suspicious": [],
    "anomaly_suspicious": [],
    "high_confidence_suspicious": [],
    "anomaly_scores": {
      "5": 0.21552949057595502,
      "1": 0.10000000000000003
    }
  },
  "aggregation_details": {
    "action": "use_all",
    "rationale": "Low threat level",
    "trusted_clients": [
      "5",
      "1"
    ]
  },
  "performance_metrics": {
    "accuracy": 0.8803459119496855,
    "loss": 1.5043985736954337,
    "aggregated_clients": 2
  }
}