{
  "report_metadata": {
    "round": 10,
    "timestamp": "2025-05-24T22:45:50.462419",
    "report_type": "security_analysis",
    "version": "1.0"
  },
  "executive_summary": {
    "threat_level": "medium",
    "security_score": 0.45,
    "total_clients": 2,
    "trusted_clients": 1,
    "suspicious_clients": 1,
    "aggregation_action": "use_all"
  },
  "detailed_analysis": {
    "poisoning_detection": {
      "round": 10,
      "threat_level": "low",
      "suspicious_clients": [],
      "trusted_clients": [],
      "client_reputations": {
        "1": 0.47894275208000026,
        "5": 0.47894275208000026
      },
      "high_confidence_detections": {},
      "total_clients": 2
    },
    "anomaly_detection": {
      "round": 10,
      "num_clients": 2,
      "client_features": {
        "5": {
          "total_norm": 308.67637836933136,
          "total_params": 3137.0,
          "avg_norm_per_param": 0.0983985904906986,
          "max_layer_norm": 193.37417602539062,
          "min_layer_norm": 0.0,
          "std_layer_norm": 65.88392639160156,
          "param_mean": -1.0868408679962158,
          "param_std": 3.490450382232666,
          "param_max": 30.51045799255371,
          "param_skewness": -3.672796509005477,
          "param_kurtosis": 20.220374148822195,
          "accuracy": 0.95,
          "loss": 14.150857791735692,
          "poisoning_active": 0.0
        },
        "1": {
          "total_norm": 215.37442495385406,
          "total_params": 3137.0,
          "avg_norm_per_param": 0.0686561762683606,
          "max_layer_norm": 104.59566122772321,
          "min_layer_norm": 0.6406233362535279,
          "std_layer_norm": 36.480526619605534,
          "param_mean": -1.0657624358434514,
          "param_std": 1.9682559409156535,
          "param_max": 12.767218938092913,
          "param_skewness": -1.9318485336048625,
          "param_kurtosis": 7.692737050852124,
          "accuracy": 0.6921383647798742,
          "loss": 12.925020311013707,
          "poisoning_active": 0.0
        }
      },
      "method_results": {
        "statistical": {
          "5": 0.0,
          "1": 0.0
        },
        "performance": {
          "5": 0.8,
          "1": 0.0
        },
        "parameter": {
          "5": 0.8,
          "1": 0.6000000000000001
        },
        "update_pattern": {
          "5": 0.0,
          "1": 0.0
        }
      },
      "final_scores": {
        "5": 0.5000000000000001,
        "1": 0.15000000000000005
      },
      "consensus_info": {
        "5": {
          "num_methods_detected": 2,
          "methods_detected": [
            "performance",
            "parameter"
          ],
          "individual_scores": {
            "statistical": 0.0,
            "performance": 0.8,
            "parameter": 0.8,
            "update_pattern": 0.0
          },
          "consensus_ratio": 0.5
        },
        "1": {
          "num_methods_detected": 1,
          "methods_detected": [
            "parameter"
          ],
          "individual_scores": {
            "statistical": 0.0,
            "performance": 0.0,
            "parameter": 0.6000000000000001,
            "update_pattern": 0.0
          },
          "consensus_ratio": 0.25
        }
      },
      "anomalous_clients": [
        "5"
      ],
      "timestamp": "2025-05-24T22:45:50.441285"
    },
    "threat_assessment": {
      "combined_threat_level": "medium",
      "threat_factors": {
        "poisoning_threat": "low",
        "anomaly_threat": "high",
        "consensus_threat": "low"
      },
      "suspicious_ratio": 0.5,
      "high_confidence_ratio": 0.0
    }
  },
  "client_analysis": {
    "trusted_clients": [
      "1"
    ],
    "poison_suspicious": [],
    "anomaly_suspicious": [
      "5"
    ],
    "high_confidence_suspicious": [],
    "anomaly_scores": {
      "5": 0.5000000000000001,
      "1": 0.15000000000000005
    }
  },
  "aggregation_details": {
    "action": "use_all",
    "rationale": "Medium threat within acceptable parameters",
    "trusted_clients": [
      "1"
    ]
  },
  "performance_metrics": {
    "accuracy": 0.8210691823899371,
    "loss": 13.5379390513747,
    "aggregated_clients": 2
  }
}