{
  "report_metadata": {
    "round": 15,
    "timestamp": "2025-05-24T22:45:55.793671",
    "report_type": "security_analysis",
    "version": "1.0"
  },
  "executive_summary": {
    "threat_level": "low",
    "security_score": 0.9,
    "total_clients": 2,
    "trusted_clients": 2,
    "suspicious_clients": 0,
    "aggregation_action": "use_all"
  },
  "detailed_analysis": {
    "poisoning_detection": {
      "round": 15,
      "threat_level": "low",
      "suspicious_clients": [],
      "trusted_clients": [],
      "client_reputations": {
        "1": 0.36471290567571946,
        "5": 0.36471290567571946
      },
      "high_confidence_detections": {},
      "total_clients": 2
    },
    "anomaly_detection": {
      "round": 15,
      "num_clients": 2,
      "client_features": {
        "5": {
          "total_norm": 1128.5880794525146,
          "total_params": 3137.0,
          "avg_norm_per_param": 0.3597666813683387,
          "max_layer_norm": 623.6295166015625,
          "min_layer_norm": 2.1434645652770996,
          "std_layer_norm": 213.64134216308594,
          "param_mean": -3.8714001178741455,
          "param_std": 11.831409454345703,
          "param_max": 134.74253845214844,
          "param_skewness": -4.138483391056199,
          "param_kurtosis": 31.186271374647845,
          "accuracy": 0.4749685534591195,
          "loss": 16.426399753403526,
          "poisoning_active": 0.0
        },
        "1": {
          "total_norm": 574.360046263146,
          "total_params": 3137.0,
          "avg_norm_per_param": 0.1830921409828268,
          "max_layer_norm": 263.6879983217449,
          "min_layer_norm": 0.9233035693893975,
          "std_layer_norm": 89.93575096367931,
          "param_mean": -1.9122179865791011,
          "param_std": 5.416698373214643,
          "param_max": 78.04351778663215,
          "param_skewness": -4.156830625878472,
          "param_kurtosis": 36.25316003210789,
          "accuracy": 0.5141509433962265,
          "loss": 42.40553925706611,
          "poisoning_active": 0.0
        }
      },
      "method_results": {
        "statistical": {
          "5": 0.0,
          "1": 0.0
        },
        "performance": {
          "5": 0.0,
          "1": 0.0
        },
        "parameter": {
          "5": 0.9347425384521484,
          "1": 1.0
        },
        "update_pattern": {
          "5": 0.0,
          "1": 0.0
        }
      },
      "final_scores": {
        "5": 0.23368563461303715,
        "1": 0.25000000000000006
      },
      "consensus_info": {
        "5": {
          "num_methods_detected": 1,
          "methods_detected": [
            "parameter"
          ],
          "individual_scores": {
            "statistical": 0.0,
            "performance": 0.0,
            "parameter": 0.9347425384521484,
            "update_pattern": 0.0
          },
          "consensus_ratio": 0.25
        },
        "1": {
          "num_methods_detected": 1,
          "methods_detected": [
            "parameter"
          ],
          "individual_scores": {
            "statistical": 0.0,
            "performance": 0.0,
            "parameter": 1.0,
            "update_pattern": 0.0
          },
          "consensus_ratio": 0.25
        }
      },
      "anomalous_clients": [],
      "timestamp": "2025-05-24T22:45:55.767966"
    },
    "threat_assessment": {
      "combined_threat_level": "low",
      "threat_factors": {
        "poisoning_threat": "low",
        "anomaly_threat": "low",
        "consensus_threat": "low"
      },
      "suspicious_ratio": 0.0,
      "high_confidence_ratio": 0.0
    }
  },
  "client_analysis": {
    "trusted_clients": [
      "5",
      "1"
    ],
    "poison_suspicious": [],
    "anomaly_suspicious": [],
    "high_confidence_suspicious": [],
    "anomaly_scores": {
      "5": 0.23368563461303715,
      "1": 0.25000000000000006
    }
  },
  "aggregation_details": {
    "action": "use_all",
    "rationale": "Low threat level",
    "trusted_clients": [
      "5",
      "1"
    ]
  },
  "performance_metrics": {
    "accuracy": 0.494559748427673,
    "loss": 29.41596950523482,
    "aggregated_clients": 2
  }
}