{
  "round": 11,
  "num_clients": 2,
  "timestamp": "2025-05-24T22:45:51.495510",
  "poisoning_detection": {
    "round": 11,
    "threat_level": "low",
    "suspicious_clients": [],
    "trusted_clients": [],
    "client_reputations": {
      "1": 0.4510484768720003,
      "5": 0.4510484768720003
    },
    "high_confidence_detections": {},
    "total_clients": 2
  },
  "poisoning_safe": true,
  "anomaly_detection": {
    "round": 11,
    "num_clients": 2,
    "client_features": {
      "5": {
        "total_norm": 345.552094489336,
        "total_params": 3137.0,
        "avg_norm_per_param": 0.11015368010498088,
        "max_layer_norm": 144.64524841308594,
        "min_layer_norm": 0.4179861843585968,
        "std_layer_norm": 53.98387145996094,
        "param_mean": -1.3709486722946167,
        "param_std": 3.1683502197265625,
        "param_max": 41.064517974853516,
        "param_skewness": -3.042307280565571,
        "param_kurtosis": 17.358827552838665,
        "accuracy": 0.6157232704402515,
        "loss": 21.97336318927741,
        "poisoning_active": 0.0
      },
      "1": {
        "total_norm": 244.07158335857318,
        "total_params": 3137.0,
        "avg_norm_per_param": 0.07780413878181874,
        "max_layer_norm": 140.7159447945318,
        "min_layer_norm": 0.31212644625395247,
        "std_layer_norm": 47.94462010296074,
        "param_mean": -1.0763675171397025,
        "param_std": 2.5304133124621555,
        "param_max": 21.637977263296467,
        "param_skewness": -3.165953121413291,
        "param_kurtosis": 16.71721884840833,
        "accuracy": 0.5849056603773585,
        "loss": 25.406663725436108,
        "poisoning_active": 0.0
      }
    },
    "method_results": {
      "statistical": {
        "5": 0.0,
        "1": 0.0
      },
      "performance": {
        "5": 0.0,
        "1": 0.0
      },
      "parameter": {
        "5": 0.8,
        "1": 0.8
      },
      "update_pattern": {
        "5": 0.0,
        "1": 0.0
      }
    },
    "final_scores": {
      "5": 0.20000000000000007,
      "1": 0.20000000000000007
    },
    "consensus_info": {
      "5": {
        "num_methods_detected": 1,
        "methods_detected": [
          "parameter"
        ],
        "individual_scores": {
          "statistical": 0.0,
          "performance": 0.0,
          "parameter": 0.8,
          "update_pattern": 0.0
        },
        "consensus_ratio": 0.25
      },
      "1": {
        "num_methods_detected": 1,
        "methods_detected": [
          "parameter"
        ],
        "individual_scores": {
          "statistical": 0.0,
          "performance": 0.0,
          "parameter": 0.8,
          "update_pattern": 0.0
        },
        "consensus_ratio": 0.25
      }
    },
    "anomalous_clients": [],
    "timestamp": "2025-05-24T22:45:51.512116"
  },
  "anomaly_scores": {
    "5": 0.20000000000000007,
    "1": 0.20000000000000007
  },
  "combined_threat_level": "low",
  "suspicious_ratio": 0.0,
  "high_confidence_ratio": 0.0,
  "poison_suspicious": [],
  "anomaly_suspicious": [],
  "all_suspicious": [],
  "high_confidence_suspicious": [],
  "threat_factors": {
    "poisoning_threat": "low",
    "anomaly_threat": "low",
    "consensus_threat": "low"
  },
  "trusted_clients": [
    "5",
    "1"
  ],
  "model_path": "enhanced_model_checkpoints\\enhanced_model_round_11.pt",
  "params_path": "enhanced_model_checkpoints\\enhanced_params_round_11.npz",
  "saved_timestamp": "2025-05-24T22:45:51.519833"
}