{
  "round": 7,
  "num_clients": 2,
  "timestamp": "2025-05-24T22:45:47.284013",
  "poisoning_detection": {
    "round": 7,
    "threat_level": "low",
    "suspicious_clients": [],
    "trusted_clients": [],
    "client_reputations": {
      "1": 0.5826375200000002,
      "5": 0.5826375200000002
    },
    "high_confidence_detections": {},
    "total_clients": 2
  },
  "poisoning_safe": true,
  "anomaly_detection": {
    "round": 7,
    "num_clients": 2,
    "client_features": {
      "1": {
        "total_norm": 87.75982592106267,
        "total_params": 3137.0,
        "avg_norm_per_param": 0.02797571753938791,
        "max_layer_norm": 42.99744143213004,
        "min_layer_norm": 0.3289885826044154,
        "std_layer_norm": 15.147598314483858,
        "param_mean": -0.5206504751752442,
        "param_std": 0.7595867567882851,
        "param_max": 4.251291867155046,
        "param_skewness": -1.4395017279236926,
        "param_kurtosis": 5.080533005878916,
        "accuracy": 0.7908805031446541,
        "loss": 0.8420177927071658,
        "poisoning_active": 0.0
      },
      "5": {
        "total_norm": 204.08930826187134,
        "total_params": 3137.0,
        "avg_norm_per_param": 0.06505875303215328,
        "max_layer_norm": 108.07669067382812,
        "min_layer_norm": 1.2354533672332764,
        "std_layer_norm": 37.510887145996094,
        "param_mean": -1.0119147300720215,
        "param_std": 1.9698295593261719,
        "param_max": 10.439848899841309,
        "param_skewness": -1.6016798679544604,
        "param_kurtosis": 4.912272032681795,
        "accuracy": 0.3522012578616352,
        "loss": 0.9500913752327362,
        "poisoning_active": 0.0
      }
    },
    "method_results": {
      "statistical": {
        "1": 0.0,
        "5": 0.0
      },
      "performance": {
        "1": 0.0,
        "5": 0.0
      },
      "parameter": {
        "1": 0.4,
        "5": 0.6000000000000001
      },
      "update_pattern": {
        "1": 0.0,
        "5": 0.0
      }
    },
    "final_scores": {
      "1": 0.10000000000000003,
      "5": 0.15000000000000005
    },
    "consensus_info": {
      "1": {
        "num_methods_detected": 0,
        "methods_detected": [],
        "individual_scores": {
          "statistical": 0.0,
          "performance": 0.0,
          "parameter": 0.4,
          "update_pattern": 0.0
        },
        "consensus_ratio": 0.0
      },
      "5": {
        "num_methods_detected": 1,
        "methods_detected": [
          "parameter"
        ],
        "individual_scores": {
          "statistical": 0.0,
          "performance": 0.0,
          "parameter": 0.6000000000000001,
          "update_pattern": 0.0
        },
        "consensus_ratio": 0.25
      }
    },
    "anomalous_clients": [],
    "timestamp": "2025-05-24T22:45:47.309311"
  },
  "anomaly_scores": {
    "1": 0.10000000000000003,
    "5": 0.15000000000000005
  },
  "combined_threat_level": "low",
  "suspicious_ratio": 0.0,
  "high_confidence_ratio": 0.0,
  "poison_suspicious": [],
  "anomaly_suspicious": [],
  "all_suspicious": [],
  "high_confidence_suspicious": [],
  "threat_factors": {
    "poisoning_threat": "low",
    "anomaly_threat": "low",
    "consensus_threat": "low"
  },
  "trusted_clients": [
    "5",
    "1"
  ],
  "model_path": "enhanced_model_checkpoints\\enhanced_model_round_7.pt",
  "params_path": "enhanced_model_checkpoints\\enhanced_params_round_7.npz",
  "saved_timestamp": "2025-05-24T22:45:47.320801"
}