{
  "timestamp": "2025-05-24T15:06:28.489530",
  "round": 18,
  "threat_level": "low",
  "suspicious_clients": [],
  "trusted_clients": [],
  "client_reputations": {
    "2": 0.32007570823759957,
    "1": 0.32007570823759957
  },
  "high_confidence_detections": {},
  "total_clients": 2
}